jfmanzano,Autobiografia de un Esclavo,1996,Spanish,Wayne State University Press,"Detroit, MI",United States,detroit_mi_united_states,,y,117
jfmanzano,Autobiografia de un Esclavo,1996,Spanish,Wayne State University Press,"Detroit, MI",United States,detroit_mi_united_states,,y,136
vsnaipaul,A Nagy Folyo Kanyarulataban: Regeny,1983,Hungarian,Európa Editions,Budapest,Hungary,,,y,390
vsnaipaul,Le Retour D'Eva Perón: Et Autres Reportages,1989,French,Christian Bourgois,Paris,France,,,y,
vsnaipaul,Sacrifices,1984,French,Albin Michel,Paris,France,,,y,
vsnaipaul,Herr Und Sklave,1985,German,Rowohlt Verlag,Hamburg,Germany,,,y,
vsnaipaul,Eine Islamische Reise: Unter Den Glaubigen.,1984,German,Fischer Taschenbuch,Frankfurt,Germany,,,y,
vsnaipaul,Eine Islamische Reise: Unter Den Gläubigen,1982,German,Kiepenheuer & Witsch,Köln,Germany,,,y,
vsnaipaul,Meine Tante Goldzahn Erzählungen,1981,German,Fischer Taschenbuch,Frankfurt,Germany,,,y,
vsnaipaul,Meine Tante Goldzahn: Erzählungen,1983,German,Fischer Taschenbuch,Frankfurt,Germany,,,y,
vsnaipaul,Der Mystische Masseur: Roman In Fünf Kapiteln,1984,German,Verlag Kiepenheuer und Witsch,Köln,Germany,,,y,
vsnaipaul,Die 80er Jahre,1989,German,Kiepenheuer & Witsch,Köln,Germany,,,y,
vsnaipaul,`Ikul Ba-Nahar,1981,Hebrew,Kinneret Zmora-Bitan Dvir,Tel Aviv,Israel,,,y,
vsnaipaul,Rehov Migel,1986,Hebrew,Kinneret Zmora-Bitan Dvir,Tel-Aviv,Israel,,,y,
vsnaipaul,Rehov Migel: Me-Anglit Ayalah Rahav,1986,Hebrew,Kinneret Zmora-Bitan Dvir,Tel Aviv,Israel,,,y,
vsnaipaul,Una Bandiera Sull'Isola,1984,Italian,Rizzoli Libri,Milano,Italy,,,y,
vsnaipaul,Tra I Credenti: Un Viaggio Nell'Islam,1983,Italian,Rizzoli Libri,Milano,Italy,,,y,
vsnaipaul,Mr. Stone and the Knights Companion,1990,Italian,Arnoldo Mondadori Editore,Milano,Italy,,,y,
vsnaipaul,Chayu Ui Nara Eso,1989,Korean,Toso Ch'ulp'an Ch'inu,Seoul,South Korea,,,y,
vsnaipaul,Migel Sŭt'ŭrit'ŭ,1981,Korean,Minumsa,Seoul,South Korea,,,y,
vsnaipaul,Reise I Sørstatene,1990,Norwegian,Gyldendal,Oslo,Norway,,,y,
vsnaipaul,Blant de Troende: en Islamsk Reise,1981,Norwegian,Gyldendal,Oslo,Norway,,,y,
vsnaipaul,Ankomsts Gåte en Roman I Dem Deler,1988,Norwegian,Gyldendal,Oslo,Norway,,,y,
vsnaipaul,Der Elva Krummer Seg,1987,Norwegian,Gyldendal,Oslo,Norway,,,y,
vsnaipaul,Der Elva Krummer Seg Roman,1980,Norwegian,Gyldendal,Oslo,Norway,,,y,
vsnaipaul,Dar Kishvar-i Azád,1988,Persian,Khátún,Tehran,Iran,,,y,
vsnaipaul,Zakret Rzeki,1985,Polish,Czytelnik,Warszawa,Poland,,,y,
vsnaipaul,"El Regreso de Eva Perón, y Otras Crónicas",1983,Spanish,Seix Barral,Barcelona,Spain,,,y,
vsnaipaul,Entre Los Creyentes: un Viaje por Tierras del Islam,1984,Spanish,Quarto,Barcelona,Spain,,,y,
vsnaipaul,El Curandero Místico,1983,Spanish,Seix Barral,Barcelona,Spain,,,y,
vsnaipaul,Entre Los Creyentes. Un Recorrido por Las Tierras del Islam.,1983,Spanish,Lasser Press,NA,Mexico,,,y,
vsnaipaul,Vid Flodens Krok,1983,Swedish,Wahlström & Widstrand,Stockholm,Sweden,,,y,
vsnaipaul,Dum Pro Pana Biswase,1982,Czech,Odeon,Praha,Czech Republic,,Fiction (Novel),y,627
vsnaipaul,Indo Yami No Ryoiki,1985,Japanese,Jinbun Shoin,Kyoto,Japan,,,y,
vsnaipaul,Den Mystiske Massören: Roman,1990,Swedish,Wahlström & Widstrand,Stockholm,Sweden,,,y,
vsnaipaul,Vapaassa Maassa,1983,Finnish,Otava Publishing,"Helsingissä, Hki",Finland,,,y,
vsnaipaul,Bayit Le-Mar Bizvaz,1985,Hebrew,Kinneret Zmora-Bitan Dvir,Tel Aviv,Israel,,,y,
vsnaipaul,Guerillas: Roman,1989,German,Limes,Berlin,Germany,,,y,
vsnaipaul,A La Courbe Du Fleuve: Roman,1982,French,Albin Michel,Paris,France,,,y,
vsnaipaul,L'Inde Brisée,1989,French,Bourgois,Paris,France,,,y,
vsnaipaul,Saapumisen Arvoitus,1990,Finnish,Otava Publishing,"Helsingissä, Hki",Finland,,,y,
vsnaipaul,Isuramu Kiko,1983,Japanese,TBS-Brittanica,Tōkyō,Japan,,,y,
vsnaipaul,På Väg Mot Mitten: Två Berättelser,1986,Swedish,Wahlström & Widstrand,Stockholm,Sweden,,,y,
vsnaipaul,Talo Mr Biswasille,1984,Finnish,Otava Publishing,"Helsingissä, Hki",Finland,,,y,
vsnaipaul,Joki Tekee Mutkan,1981,Finnish,Otava Publishing,"Helsingissä, Hki",Finland,,,y,
vsnaipaul,Aqayi Istun Va Shahsavaran-I Mulazim,1990,Persian,Nivishtār,Shīrāz,Iran,,,y,
vsnaipaul,Matka Islamin Maailmaan,1983,Finnish,Otava Publishing,"Helsingissä, Hki",Finland,,,y,
vsnaipaul,L'illusion Des Ténèbres: Une Expérience De l'Inde,1989,French,Bourgois,Paris,France,,,y,
vsnaipaul,Ein Haus für Mr. Biswas,1981,German,Kiepenheuer & Witsch,Köln,Germany,,,y,
vsnaipaul,Guerillas Roman,1982,German,Penguin Books,"Harmondsworth, LDN",England,,,y,
vsnaipaul,Wahlkampf Auf Karibisch Oder: Eine Hand Wäscht Die Andere,1986,German,Rowohlt Verlag,Hamburg,Germany,,,y,
vsnaipaul,In Den Alten Sklavenstaaten Eine Reise,1990,German,Kiepenheuer & Witsch,Köln,Germany,,,y,
vsnaipaul,An Der Biegung Des Grossen Flusses Roman,1986,German,S. Fischer Verlag,Frankfurt,Germany,,,y,
vsnaipaul,An Der Biegung Des Grossen Flusses Roman,1985,German,S. Fischer Verlag,Frankfurt,Germany,,,y,
vsnaipaul,An Der Biegung Des Grossen Flusses Roman,1983,German,S. Fischer Verlag,Frankfurt,Germany,,,y,
vsnaipaul,Der Mystische Masseur,1987,German,Penguin Books,"Harmondsworth, LDN",England,,,y,
vsnaipaul,Prolog Zu Einer Autobiographie,1984,German,Kiepenheuer & Witsch,Köln,Germany,,,y,
vsnaipaul,Una Casa Para Mr. Biswas,1983,Spanish,Seix Barral,Barcelona,Spain,,,y,
vsnaipaul,Eine Islamische Reise: Unter Den Gläubigen,1981,German,Kiepenheuer & Witsch,Köln,Germany,,,y,
vsnaipaul,Sissid,1983,Estonian,Perioodika,Tallinn,Estonia,,,y,
vsnaipaul,Ankomstens Gåta: En Roman I Fem Avsnitt,1987,Swedish,Wahlström & Widstrand,Stockholm,Sweden,,,y,
vsnaipaul,Ankomstens Gåta: En Roman I Fem Avsnitt,1989,Swedish,Wahlström & Widstrand,Stockholm,Sweden,,,y,
vsnaipaul,I Sydstaterna : Ett Land Av Röster,1990,Swedish,Wahlström & Widstrand,Stockholm,Sweden,,,y,
vsnaipaul,Bland De Rättrogna: En Islamisk Resa,1982,Swedish,Bra böcker,Höganäs,Höganäs,,,y,
vsnaipaul,Miguel Dokagi,1984,Turkish,Can Yayınları,Istanbul,Turkey,,,y,
vsnaipaul,Mr Stone: Roman,1985,French,Albin Michel,Paris,France,,,y,
vsnaipaul,Ulica Migel,1984,Serbian,Decje novine,Gornji Milanovac,Serbia,,,y,
vsnaipaul,Une Maison Pour Monsieur Biswas,1985,French,Gallimard,Paris,France,,,y,
vsnaipaul,Ett Hus Åt Mr Biswas,1988,Swedish,Wahlström & Widstrand,Stockholm,Sweden,,,y,
vsnaipaul,Une Virée Dans Le Sud,1989,French,Christian Bourgois,Paris,France,,,y,
vsnaipaul,L'Inde: Un Millon De Révoltes,1990,French,Librairie Plon,Paris,France,,,y,
vsnaipaul,Povesti I Rasskazy,1984,Russian,Raduga Publishers,Moskva,Russia,,,y,
vsnaipaul,V Ohybu Reky,1985,Czech,Odeon,Praha,Czech Republic,,Fiction (Novel),y,309
vsnaipaul,Ankomstens Gåde,1990,Danish,Gyldendal,Copenhagen,Denmark,,Fiction (Novel),y,370
vsnaipaul,Blandt De Rettroende: En Islamisk Rejse,1982,Danish,Hekla Publishing,"Cheyenne, WY",United States,,Fiction (Novel),y,426
vsnaipaul,Het Diepe Zuiden,1989,Dutch,De Arbeiderspers,Amsterdam,Netherlands,,Fiction (Novel),y,
vsnaipaul,De Krokodillen Van Yamoussoukro,1985,Dutch,De Arbeiderspers,Amsterdam,Netherlands,,Fiction (Novel),y,116
vsnaipaul,De Terugkeer Van Eva Perón En Andere Essays,1982,Dutch,De Arbeiderspers,Amsterdam,Netherlands,,Fiction (Novel),y,246
vsnaipaul,Miguel Street,1984,Dutch,De Arbeiderspers,Amsterdam,Netherlands,,Fiction (Novel),y,181
vsnaipaul,Proloog Voor Een Autobiografie,1983,Dutch,De Arbeiderspers,Amsterdam,Netherlands,,Fiction (Novel),y,89
vsnaipaul,Het Raadsel Van De Aankomst,1988,Dutch,De Arbeiderspers,Amsterdam,Netherlands,,Fiction (Novel),y,
vsnaipaul,Onder De Gelovigen: Een Reis Door De Islam,1981,Dutch,Pandora,Amsterdam,Netherlands,,Fiction (Novel),y,547
vsnaipaul,Onder De Gelovigen: Een Reis Door De Islam,1990,Dutch,De Arbeiderspers,Amsterdam,Netherlands,,Fiction (Novel),y,547
vsnaipaul,Onder De Gelovigen: Een Reis Door De Islam,1982,Dutch,De Arbeiderspers,Amsterdam,Netherlands,,Fiction (Novel),y,547
vsnaipaul,Stemmen In Elvira,1987,Dutch,De Arbeiderspers,Amsterdam,Netherlands,,Fiction (Novel),y,248
vsnaipaul,Een Huis Voor Meneer Biswas,1985,Dutch,De Arbeiderspers,Amsterdam,Netherlands,,Fiction (Novel),y,
vsnaipaul,Een Bocht In De Rivier,1981,Dutch,De Arbeiderspers,Amsterdam,Netherlands,,Fiction (Novel),y,
vsnaipaul,De Mimitators,1982,Dutch,De Arbeiderspers,Amsterdam,Netherlands,,Fiction (Novel),y,289
vsnaipaul,De Mimitators,1983,Dutch,De Arbeiderspers,Amsterdam,Netherlands,,Fiction (Novel),y,289
vsnaipaul,En Un Estado Libre,1981,Spanish,Destino,Barcelona,Spain,,,y,
vsnaipaul,Mr Stone and the Knights Companion,1981,French,Penguin Books,London,England,,,y,
vsnaipaul,Crépuscule Sur l'Islam: Voyage Au Pays Des Croyants,1981,French,Albin Michel,Paris,France,,,y,
vsnaipaul,Os Mímicos,1987,Portugese,Companhia das Letras,Sãu Paulo,Brazil,,,y,
vsnaipaul,A House for Mr. Biswas,1988,Italian,Penguin Books,London,England,,,y,
vsnaipaul,Alla Curva Del Fiume,1982,Italian,Rizzoli Libri,Milano,Italy,,,y,
vsnaipaul,Alla Curva Del Fiume,1989,Italian,Mondadori,Milano,Italy,,,y,
vsnaipaul,Miguel Street,1981,Spanish,Penguin Books,London,England,,,y,
vsnaipaul,U Slobodnoj Drzavi,1981,Serbian,Rad,Beograd,Serbia,,,y,
vsnaipaul,Los Simuladores,1984,Spanish,Seix Barral,Barcelona,Spain,,,y,
vsnaipaul,À La Courbe Du Fleuve: Roman,1984,French,Librairie générale française,Paris,France,,,y,
vsnaipaul,Elezioni A Elvira,1990,Italian,Mondadori,Milano,Italy,,,y,
vsnaipaul,Nel Sud,1989,Italian,Mondadori,Milano,Italy,,,y,
vsnaipaul,Kurai Kawa,1981,Japanese,ティビーエス・ブリタニカ,Tokyo,Japan,,,y,
vsnaipaul,Dis-Moi Qui Tuer: Roman,1983,French,Albin Michel,Paris,France,,,y,
vsnaipaul,Sacrifices,1995,French,Albin Michel,Paris,France,,,y,
vsnaipaul,Entre Los Creyentes: Un Recorrido Por Tierras Del Islam,1983,Spanish,Lasser Press Mexicana,Mexico City,Mexico,,,y,
vsnaipaul,Miguel Street,1982,French,Gallimard,Paris,France,,,y,
vsnaipaul,Un Drapeau Sur l'île: Nouvelles,1983,French,Gallimard,Paris,France,,,y,
vsnaipaul,L'Enigma Dell'Arrivo: Un Romanzo In Cinque Parti,1988,Italian,Arnoldo Mondadori Editore,Milan,Italy,,,y,
cmckay,Romantica Marsiglia,2020,Italian,Pessime Idee,Rome,Italy,rome_italy,Fiction (Novel),y,166
cmckay,Fond de banane,1934,French,Les Éditions Rieder,Paris,France,paris_fr_france,Fiction (Novel),y,333
cmckay,Cock-Tail Negro,1931,Spanish,Ediciones Ulises,Madrd,Spain,madrid_spain,Fiction (Novel),y,314
cmckay,Ritorno Ad Harlem,1930,Italian,Modernissima,Milan,Italy,milan_italy,Fiction (Novel),y,281
cmckay,Domoi Y Garlem,1929,Russian,Zemlia i fabrika,Moskva,Russia,,Fiction (Novel),y,239
cmckay,Banjo: Une Histoire Sans Intrigue,2015,French,Éditions de l'Olivier,Paris,France,paris_fr_france,Fiction (Novel),y,326
cmckay,Quartier Noir,1932,French,Rieder,Paris,France,paris_fr_france,Fiction (Novel),y,287
cmckay,,2020,Italian,Pessime idee,Rome,Italy,rome_italy,Fiction (Novel),y,170
etrouillot,Rosalie l’infâme,2003,French,University of Nebraska Press,"Lincoln, NE",United States,lincoln_ne_united_states,Fiction,y,152
etrouillot,La mémoire aux abois,2010,French,Éditions Hoëbeke,Paris,France,paris_fr_france,Fiction,y,152
jkincaid,Negen Bij Twaalf,1990,Dutch,Agathon Press,Houten,Netherlands,houten_netherlands,Fiction (Novel),y,
jkincaid,Op De Bodem Van De Rivier,1986,Dutch,Agathon Press,Houten,Netherlands,houten_netherlands,Fiction (Novel),y,
jkincaid,Katoava Paratiisi,1986,Finnish,Kirjayhtymä,Hki,Finland,,,y,
jkincaid,Voyons Voir,2016,French,Éditions de l'Olivier,Paris,France,,,y,
jkincaid,Autobiographie De Ma Mère,2016,French,Éditions de l'Olivier,Paris,France,,,y,
jkincaid,Au Fond De La Rivière,2001,French,Éditions de l'Olivier,Paris,France,,,y,
jkincaid,Mon Frère,2001,French,Seuil,Paris,France,,,y,
jkincaid,Mon Frère,2000,French,Éditions de l'Olivier,Paris,France,,,y,
jkincaid,Nur Eine Kleine Insel,1990,German,Deutsche Verlags-Anstalt,Stuttgart,Germany,,,y,
jkincaid,Am Grunde Des Flusses,1986,German,Stuttgart Deutsche Verlags-Anstalt,Stuttgart,Germany,,,y,
jkincaid,Lucy,2014,German,Unionsverlag,Zürich,Switzerland,,,y,
jkincaid,Lucy,1991,German,Wolfgang Krüger Verlag,Frankfurt,Germany,,,y,
jkincaid,Lucy: Roman,2015,German,Unionsverlag,NA,Germany,,,y,
jkincaid,Annie John,2022,German,Kampa Verlag,Zürich,Switzerland,,Fiction (Novel),y,
jkincaid,Mister Potter,2021,German,Kampa Verlag,Zürich,Switzerland,,Fiction (Novel),y,
jkincaid,Lucy,2016,Italian,Adelphi Edizioni,Milan,Italy,,Fiction (Novel),y,
jkincaid,In Fondo Al Fiume,2020,Italian,Adelphi Edizioni,Milan,Italy,,,y,
jkincaid,Lucy,2020,Spanish,"Farrar, Straus and Giroux","New York, NY",United States,,Fiction (Novella),y,
jkincaid,Anna Delle Antille,1987,Italian,De Agostini S.p.A.,Novara,Italy,,Fiction (Novel),y,
jkincaid,"Annie, Gwen, Lilly, Pam And Tulip",1998,English,Parkett Verlag AG,Zurich,Switserland,,Fiction (Novel),y,
jkincaid,"Annie, Gwen, Lilly, Pam And Tulip",1989,English,Parkett Verlag AG,Zurich,Switserland,,Fiction (Novel),y,
jkincaid,Am Grunde Des Flusses: Erzählungen,1989,German,Fischer Taschenbuch,Frankfurt,Germany,,,y,
jkincaid,På Flodens Botten,1985,Swedish,Stenström,Stockholm,Sweden,,,y,
jkincaid,Antigua: En Liten Ö,1988,Swedish,Stenström,Stockholm,Sweden,,,y,
jkincaid,Annie John,1992,German,"Farrar, Straus and Giroux",München,Germany,,Fiction (Novel),y,
jkincaid,Annie John,1989,German,"Farrar, Straus and Giroux",Stuttgart,Germany,,Fiction (Novel),y,
jkincaid,Lucy,2008,Italian,"Farrar, Straus and Giroux",Milano,Italy,,Fiction (Novel),y,
psallfrey,Dum Mezi Orchidejemi,1986,Czech,Svoboda,Praha,Czech Republic,praha_czech_republic,Fiction (Novel),y,179
glamming,En El Castillo De Mi Piel,1987,Spanish,Longman Inc.,"New York, NY",United States,new_york_ny_united_states,Fiction (Novel),y,410
glamming,A Wedding In Spring,1985,Spanish,Casa de las Américas,Havana,Cuba,havana_cuba,NA,y,15
glamming,Age Et Innocence,1986,French,Éditions Caribéennes,Paris,France,paris_fr_france,Fiction (Novel),y,461
glamming,Partes De Mi Ser,1988,Spanish,Casa de las Américas,Havana,Cuba,havana_cuba,Fiction (Novel),y,518
rarenas,Before Night Falls,2001,English,InsightOut Books,"New York, NY",United States,new_york_ny_united_states,Autobiography/Memoir,y,317
rarenas,Singing from the Well,2002,English,Tusquets Editores S.A.,Tokyo,Japan,tokyo_japan,Fiction (Novel),y,195
rarenas,Farewell to the Sea: A Novel of Cuba,1986,English,Viking Press,"New York, NY",United States,new_york_ny_united_states,Fiction (Novel),y,413
rarenas,Farewell to the Sea: A Novel of Cuba,1985,English,Viking Press,"New York, NY",United States,new_york_ny_united_states,Fiction (Novel),y,413
rarenas,The Doorman,1987,English,Grove Press,"New York, NY",United States,new_york_ny_united_states,Fiction (Novel),y,191
rarenas,Hallucinations: Being an Account of the Life and Adventures of Fray Servando,1987,English,Avon,"New York, NY",United States,new_york_ny_united_states,Fiction (Novel),y,246
rarenas,Graveyard of the Angels,1987,English,Avon,"New York, NY",United States,new_york_ny_united_states,Fiction (Novel),y,121
rarenas,The Assault,1994,English,Viking Press,"New York, NY",United States,new_york_ny_united_states,Fiction (Novel),y,145
rarenas,Before Night Falls,1994,English,Penguin Books,Westminster,England,westminster_england,Autobiography/Memoir,y,317
rarenas,The Doorman,1994,English,Grove Press,"New York, NY",United States,new_york_ny_united_states,Fiction (Novel),y,204
rarenas,Old Rosa,1994,English,Grove Press,"New York, NY",United States,new_york_ny_united_states,Fiction (Novel),y,106
rarenas,The Color of Summer: or The New Garden of Earthly Delights,2000,English,Viking Press,"New York, NY",United States,new_york_ny_united_states,Fiction (Novel),y,417
rarenas,Mona and Other Tales,2001,English,Vintage Books,"New York, NY",United States,new_york_ny_united_states,Nonfiction Book,y,208
rarenas,Mona and Other Tales,2007,English,Vintage Books,"New York, NY",United States,new_york_ny_united_states,Fiction (Novel),y,208
rarenas,The Palace of the White Skunks,1991,English,Monte Avila,"New York, NY",United States,new_york_ny_united_states,Fiction (Novel),y,384
rarenas,Farewell to the Sea: A Novel of Cuba,1985,English,Argos Vergara,"New York, NY",United States,new_york_ny_united_states,Fiction (Novel),y,424
rarenas,Hallucinations: Being an Account of the Life and Adventures of Fray Servando,1976,English,Penguin Books,Westminster,England,westminster_england,Fiction (Novel),y,255
rarenas,Le Monde Hallucinant,1989,French,Éditions du Seuil,Paris,France,paris_fr_france,Fiction (Novel),y,274
rarenas,Le Portier,1988,French,Presses de la Renaissance,Paris,France,paris_fr_france,Fiction (Novel),y,202
rarenas,"Arturo, L'Etoile la Plus Brillante",1985,French,Éditions du Seuil,Paris,France,paris_fr_france,Fiction (Novel),y,89
rarenas,"Arturo, L'Etoile la Plus Brillante",2004,French,Éditions du Seuil,Paris,France,paris_fr_france,Fiction (Novel),y,89
rarenas,Encore une Fois la Mer,2004,French,Éditions du Seuil,Paris,France,paris_fr_france,Fiction (Novel),y,512
rarenas,La Colline De L'Ange: Roman,2002,French,Presses de la Renaissance,Paris,France,paris_fr_france,Fiction (Novel),y,192
rarenas,El Mundo Alucinante,1982,German,Suhrkamp Verlag,Berlin,Germany,berlin_germany,Fiction (Novel),y,320
rarenas,Wahnwitzige Welt Ein. Abenteuerroman,1982,German,Suhrkamp Verlag,Berlin,Germany,berlin_germany,Fiction (Novel),y,235
rarenas,O Selestino Prin Ten Auge,1984,Greek,Exantaz,,,,Fiction (Novel),y,
rarenas,Méditations de Saint-Nazaire,1990,French,Maison des Écrivains Étrangers et des Traducteurs,Saint-Nazaire,France,,Fiction (Novel),y,59
rarenas,Old Rosa,1984,English,Grove Press,"New York, NY",United States,new_york_ny_united_states,Fiction (Novel),y,106
rarenas,Der Palast der Blütenweissen Stinktiere,1985,German,Darmstadt Neuwied Luchterhand,Darmstadt,Germany,,Fiction (Novel),y,347
rarenas,Wahnwitzige Welt Ein. Abenteuerroman,1987,German,Edition día,Frankfurt,Germany,frankfurt_ge_germany,Fiction (Novel),y,235
rretamar,L'Isola Recuperata,1970,Italian,Guanda,Milan,Italy,milan_italy,Essay,y,171
jroumain,Gouverneurs De La Rosee,1999,English,Educa Vision,"Coconut Creek, FL",United States,coconut_creek_fl_united¬†states,Fiction (Novel),y,
jroumain,Gouverneurs De La Rosée,1972,English,Editeurs Français reunis,Paris,France,paris_france,Fiction (Novel),y,
jroumain,Masters Of The Dew,1947,English,Reynal & Hitchcock,"New York, NY",United States,new_york_ny_united_states,Fiction (Novel),y,180
jroumain,Ebony Wood: Bois-D'ébène. Poems,1972,English,Interworld Press,"New York, NY",United States,new_york_ny_united_states,Poetry Collection,y,45
jroumain,Masters Of The Dew,2017,English,"Caribbean Studies Press, an imprint of Educa Vision","Pompano Beach, FL",United States,pompano_beach_fl_united¬†states,Fiction (Novel),y,
sselvon,Moses Ovenpå,1977,Danish,Olsen & Olsen,Fredensborg,Denmark,,Fiction (Novel),y,186
sselvon,L'Ascension De Moise,1987,French,Éditions Caribéennes,Paris,France,paris_fr_france,Fiction (Novel),y,186
jkincaid,Negen Bij Twaalf,1990,Dutch,Agathon Press,Houten,Netherlands,houten_netherlands,Fiction (Novel),y,72
jkincaid,Op De Bodem Van De Rivier,1986,Dutch,Agathon Press,Houten,Netherlands,houten_netherlands,Fiction (Novel),y,77
jkincaid,Katoava Paratiisi,1986,Finnish,Kirjayhtymä,Hki,Finland,hki_finland,Fiction (Novel),y,133
jkincaid,Voyons Voir,2016,French,Éditions de l'Olivier,Paris,France,paris_fr_france,Fiction (Novel),y,202
jkincaid,Autobiographie De Ma Mère,2016,French,Éditions de l'Olivier,Paris,France,paris_fr_france,Fiction (Novel),y,190
jkincaid,Au Fond De La Rivière,2001,French,Éditions de l'Olivier,Paris,France,paris_fr_france,Fiction (Novel),y,150
jkincaid,Mon Frère,2001,French,Seuil,Paris,France,paris_fr_france,Fiction (Novel),y,192
jkincaid,Mon Frère,2000,French,Éditions de l'Olivier,Paris,France,paris_fr_france,Fiction (Novel),y,192
jkincaid,Nur Eine Kleine Insel,1990,German,Deutsche Verlags-Anstalt,Stuttgart,Germany,stuttgart_germany,Fiction (Novel),y,77
jkincaid,Am Grunde Des Flusses,1986,German,Stuttgart Deutsche Verlags-Anstalt,Stuttgart,Germany,stuttgart_germany,Fiction (Novel),y,95
jkincaid,Lucy,2014,German,Unionsverlag,Zürich,Switzerland,zurich_switzerland,Fiction (Novella),y,134
jkincaid,Lucy,1991,German,Wolfgang Krüger Verlag,Frankfurt,Germany,frankfurt_germany,Fiction (Novella),y,163
jkincaid,Lucy: Roman,2015,German,Unionsverlag,Zürich,Germany,zurich_switzerland,Fiction (Novella),y,148
jkincaid,Annie John,2022,German,Kampa Verlag,Zürich,Switzerland,zurich_switzerland,Fiction (Novel),y,224
jkincaid,Mister Potter,2021,German,Kampa Verlag,Zürich,Switzerland,zurich_switzerland,Fiction (Novel),y,136
jkincaid,Lucy,2016,Italian,Adelphi Edizioni,Milan,Italy,milan_italy,Fiction (Novella),y,110
jkincaid,In Fondo Al Fiume,2020,Italian,Adelphi Edizioni,Milan,Italy,milan_italy,Fiction (Novel),y,61
jkincaid,Lucy,2020,Spanish,"Farrar, Straus and Giroux","New York, NY",United States,new_york_ny_united_states,Fiction (Novella),y,105
jkincaid,Anna Delle Antille,1987,Italian,De Agostini S.p.A.,Novara,Italy,novara_italy,Fiction (Novel),y,164
jkincaid,Am Grunde Des Flusses: Erzählungen,1989,German,Fischer Taschenbuch,Frankfurt,Germany,frankfurt_ge_germany,Fiction (Novel),y,94
jkincaid,På Flodens Botten,1985,Swedish,Stenström,Stockholm,Sweden,stockholm_sweden,Fiction (Novel),y,114
jkincaid,Antigua & Barbuda: En Liten Ö,1988,Swedish,Stenström,Stockholm,Sweden,stockholm_sweden,Fiction (Novel),y,71
jkincaid,Lucy,2017,English,"Blackstone Audio, Inc.","Ashland, OR",United States,ashland_or_united¬†states,Fiction (Novella),y,163
jkincaid,Annie John,1992,German,"Farrar, Straus and Giroux",München,Germany,munchen_germany,Fiction (Novel),y,159
jkincaid,Annie John,1989,German,"Farrar, Straus and Giroux",Stuttgart,Germany,stuttgart_germany,Fiction (Novel),y,159
jkincaid,Lucy,2008,Italian,"Farrar, Straus and Giroux",Milano,Italy,milano_italy,Fiction (Novella),y,163
ssbart,The Bridge Of Beyond,2013,English,New York Review Books,"New York, NY",United States,new_york_ny_united_states,Fiction (Novel),y,246
ssbart,Pluie Et Vent Sur Télumée Miracle,1992,English,Bristol Class Press,Bristol,England,bristol_england,Fiction (Novel),y,192
ssbart,Between Two Worlds,1981,English,Harper & Row,"Manhattan, NY",United States,manhattan_ny_united¬†states,Fiction (Novel),y,270
ssbart,Your Handsome Captain,1989,English,Ubu Repertory Theater,"New York, NY",United States,new_york_ny_united_states,Drama,y,NA
ssbart,In Praise of Black Women: Heroines of the slavery era,2002,English,University of Wisconsin Press,"Madison, WI",United States,madison_wi_united¬†states,Nonfiction Book,y,256
jjdominique,The Echo of Their Voices,2016,French,Remue-ménage,"Montreal, Quebec",Canada,quebec_canada,Fiction (Novel),y,265
jcasimir,The Haitians: A Decolonial History,2020,English,The University of North Carolina Press,"Chapel Hill, NC",United States,chapel_hill_nc_united¬†states,Nonfiction Book,y,419
vsnaipaul,A Nagy Folyo Kanyarulataban: Regeny,1983,Hungarian,Európa Editions,Budapest,Hungary,budapest_hungary,Fiction (Novel),y,390
vsnaipaul,Le Retour D'Eva Perón: Et Autres Reportages,1989,French,Christian Bourgois,Paris,France,paris_fr_france,Nonfiction Book,y,281
vsnaipaul,Sacrifices,1984,French,Albin Michel,Paris,France,paris_fr_france,Biography,y,226
vsnaipaul,Herr Und Sklave,1985,German,Rowohlt Verlag,Hamburg,Germany,hamburg_germany,Fiction (Novel),y,378
vsnaipaul,Eine Islamische Reise: Unter Den Glaubigen.,1984,German,Fischer Taschenbuch,Frankfurt,Germany,frankfurt_germany,Nonfiction Book,y,706
vsnaipaul,Eine Islamische Reise: Unter Den Gläubigen,1982,German,Kiepenheuer & Witsch,Köln,Germany,köln_germany,Nonfiction Book,y,706
vsnaipaul,Meine Tante Goldzahn Erzählungen,1981,German,Fischer Taschenbuch,Frankfurt,Germany,frankfurt_germany,Fiction (Short Story Collection),y,94
vsnaipaul,Meine Tante Goldzahn: Erzählungen,1983,German,Fischer Taschenbuch,Frankfurt,Germany,frankfurt_germany,Fiction (Short Story Collection),y,94
vsnaipaul,Der Mystische Masseur: Roman In Fünf Kapiteln,1984,German,Verlag Kiepenheuer und Witsch,Köln,Germany,köln_germany,Fiction (Novel),y,249
vsnaipaul,Die 80er Jahre,1989,German,Kiepenheuer & Witsch,Köln,Germany,köln_germany,,y,193
vsnaipaul,`Ikul Ba-Nahar,1981,Hebrew,Kinneret Zmora-Bitan Dvir,Tel Aviv,Israel,tel_aviv_israel,,y,240
vsnaipaul,Rehov Migel,1986,Hebrew,Kinneret Zmora-Bitan Dvir,Tel-Aviv,Israel,tel_aviv_israel,Fiction (Short Story Collection),y,193
vsnaipaul,Rehov Migel: Me-Anglit Ayalah Rahav,1986,Hebrew,Kinneret Zmora-Bitan Dvir,Tel Aviv,Israel,tel_aviv_israel,Fiction (Short Story Collection),y,193
vsnaipaul,Una Bandiera Sull'Isola,1984,Italian,Rizzoli Libri,Milano,Italy,milano_italy,Fiction (Novel),y,175
vsnaipaul,Tra I Credenti: Un Viaggio Nell'Islam,1983,Italian,Rizzoli Libri,Milano,Italy,milano_italy,Nonfiction Book,y,441
vsnaipaul,Mr. Stone and the Knights Companion,1990,Italian,Arnoldo Mondadori Editore,Milano,Italy,milano_italy,Fiction (Novel),y,125
vsnaipaul,Chayu Ui Nara Eso,1989,Korean,Toso Ch'ulp'an Ch'inu,Seoul,South Korea,seoul_south_korea,,y,321
vsnaipaul,Migel Sŭt'ŭrit'ŭ,1981,Korean,Minumsa,Seoul,South Korea,seoul_south_korea,Fiction (Short Story Collection),y,193
vsnaipaul,Reise I Sørstatene,1990,Norwegian,Gyldendal,Oslo,Norway,oslo_norway,Nonfiction Book,y,317
vsnaipaul,Blant de Troende: en Islamsk Reise,1981,Norwegian,Gyldendal,Oslo,Norway,oslo_norway,Nonfiction Book,y,535
vsnaipaul,Ankomsts Gåte en Roman I Dem Deler,1988,Norwegian,Gyldendal,Oslo,Norway,oslo_norway,Fiction (Novel),y,325
vsnaipaul,Der Elva Krummer Seg,1987,Norwegian,Gyldendal,Oslo,Norway,oslo_norway,Fiction (Novel),y,302
vsnaipaul,Der Elva Krummer Seg Roman,1980,Norwegian,Gyldendal,Oslo,Norway,oslo_norway,Fiction (Novel),y,302
vsnaipaul,Dar Kishvar-i Azád,1988,Persian,Khátún,Tehran,Iran,tehran_iran,NA,y,387
vsnaipaul,Zakret Rzeki,1985,Polish,Czytelnik,Warszawa,Poland,warszawa_poland,Fiction (Novel),y,406
vsnaipaul,"El Regreso de Eva Perón, y Otras Crónicas",1983,Spanish,Seix Barral,Barcelona,Spain,,Biography,y,268
vsnaipaul,Entre Los Creyentes: un Viaje por Tierras del Islam,1984,Spanish,Quarto,Barcelona,Spain,,Nonfiction Book,y,508
vsnaipaul,El Curandero Místico,1983,Spanish,Seix Barral,Barcelona,Spain,,Fiction (Novel),y,627
vsnaipaul,Entre Los Creyentes. Un Recorrido por Las Tierras del Islam.,1983,Spanish,Lasser Press,Mexico City,Mexico,mexico_d.f._mexico,Nonfiction Book,y,440
vsnaipaul,Vid Flodens Krok,1983,Swedish,Wahlström & Widstrand,Stockholm,Sweden,stockholm_sweden,Fiction (Novel),y,
vsnaipaul,Dum Pro Pana Biswase,1982,Czech,Odeon,Praha,Czech Republic,,Fiction (Novel),y,629
vsnaipaul,Indo Yami No Ryoiki,1985,Japanese,Jinbun Shoin,Kyoto,Japan,kyoto_japan,,y,201
vsnaipaul,Den Mystiske Massören: Roman,1990,Swedish,Wahlström & Widstrand,Stockholm,Sweden,stockholm_sweden,Fiction (Novel),y,210
vsnaipaul,Vapaassa Maassa,1983,Finnish,Otava Publishing,"Helsingissä, Hki",Finland,helsingissä_hki_finland,Nonfiction Book,y,264
vsnaipaul,Bayit Le-Mar Bizvaz,1985,Hebrew,Kinneret Zmora-Bitan Dvir,Tel Aviv,Israel,tel_aviv_israel,Fiction (Novel),y,327
vsnaipaul,Guerillas: Roman,1989,German,Limes,Berlin,Germany,berlin_verl_germany,Fiction (Novel),y,437
vsnaipaul,A La Courbe Du Fleuve: Roman,1982,French,Albin Michel,Paris,France,paris_fr_france,Fiction (Novel),y,327
vsnaipaul,L'Inde Brisée,1989,French,Bourgois,Paris,France,paris_fr_france,Nonfiction Book,y,223
vsnaipaul,Saapumisen Arvoitus,1990,Finnish,Otava Publishing,"Helsingissä, Hki",Finland,helsingissä_hki_finland,Fiction (Novel),y,392
vsnaipaul,Isuramu Kiko,1983,Japanese,TBS-Brittanica,Tōkyō,Japan,tokyo_kantō_japan,Nonfiction Book,y,512
vsnaipaul,På Väg Mot Mitten: Två Berättelser,1986,Swedish,Wahlström & Widstrand,Stockholm,Sweden,stockholm_sweden,Nonfiction Book,y,221
vsnaipaul,Talo Mr Biswasille,1984,Finnish,Otava Publishing,"Helsingissä, Hki",Finland,helsingissä_hki_finland,Fiction (Novel),y,622
vsnaipaul,Joki Tekee Mutkan,1981,Finnish,Otava Publishing,"Helsingissä, Hki",Finland,helsingissä_hki_finland,Fiction (Novel),y,281
vsnaipaul,Aqayi Istun Va Shahsavaran-I Mulazim,1990,Persian,Nivishtār,Shīrāz,Iran,shīrāz_iran,Fiction (Novel),y,221
vsnaipaul,Matka Islamin Maailmaan,1983,Finnish,Otava Publishing,"Helsingissä, Hki",Finland,helsingissä_hki_finland,Nonfiction Book,y,461
vsnaipaul,L'illusion Des Ténèbres: Une Expérience De l'Inde,1989,French,Bourgois,Paris,France,paris_fr_france,Nonfiction Book,y,346
vsnaipaul,Ein Haus für Mr. Biswas,1981,German,Kiepenheuer & Witsch,Köln,Germany,köln_germany,Fiction (Novel),y,622
vsnaipaul,Guerillas Roman,1982,German,Penguin Books,"Harmondsworth, LDN",England,harmondsworth_ldn_england,Fiction (Novel),y,337
vsnaipaul,Wahlkampf Auf Karibisch Oder: Eine Hand Wäscht Die Andere,1986,German,Rowohlt Verlag,Hamburg,Germany,hamburg_germany,Fiction (Novel),y,310
vsnaipaul,In Den Alten Sklavenstaaten Eine Reise,1990,German,Kiepenheuer & Witsch,Köln,Germany,köln_germany,Nonfiction Book,y,391
vsnaipaul,An Der Biegung Des Grossen Flusses Roman,1986,German,S. Fischer Verlag,Frankfurt,Germany,frankfurt_ge_germany,Fiction (Novel),y,411
vsnaipaul,An Der Biegung Des Grossen Flusses Roman,1985,German,S. Fischer Verlag,Frankfurt,Germany,frankfurt_ge_germany,Fiction (Novel),y,411
vsnaipaul,An Der Biegung Des Grossen Flusses Roman,1983,German,S. Fischer Verlag,Frankfurt,Germany,frankfurt_ge_germany,Fiction (Novel),y,411
vsnaipaul,Der Mystische Masseur,1987,German,Penguin Books,"Harmondsworth, LDN",England,harmondsworth_ldn_england,Fiction (Novel),y,249
vsnaipaul,Prolog Zu Einer Autobiographie,1984,German,Kiepenheuer & Witsch,Köln,Germany,köln_germany,Autobiography/Memoir,y,92
vsnaipaul,Una Casa Para Mr. Biswas,1983,Spanish,Seix Barral,Barcelona,Spain,,Fiction (Novel),y,566
vsnaipaul,Eine Islamische Reise: Unter Den Gläubigen,1981,German,Kiepenheuer & Witsch,Köln,Germany,köln_germany,Nonfiction Book,y,706
vsnaipaul,Sissid,1983,Estonian,Perioodika,Tallinn,Estonia,tallinn_estonia,Fiction (Novel),y,166
vsnaipaul,Ankomstens Gåta: En Roman I Fem Avsnitt,1987,Swedish,Wahlström & Widstrand,Stockholm,Sweden,stockholm_sweden,Fiction (Novel),y,341
vsnaipaul,Ankomstens Gåta: En Roman I Fem Avsnitt,1989,Swedish,Wahlström & Widstrand,Stockholm,Sweden,stockholm_sweden,Fiction (Novel),y,341
vsnaipaul,I Sydstaterna : Ett Land Av Röster,1990,Swedish,Wahlström & Widstrand,Stockholm,Sweden,stockholm_sweden,NA,y,347
vsnaipaul,Bland De Rättrogna: En Islamisk Resa,1982,Swedish,Bra böcker,Höganäs,Sweden,,Nonfiction Book,y,531
vsnaipaul,Miguel Dokagi,1984,Turkish,Can Yayınları,Istanbul,Turkey,istanbul_turkey,Fiction (Short Story Collection),y,NA
vsnaipaul,Mr Stone: Roman,1985,French,Albin Michel,Paris,France,paris_fr_france,Fiction (Novel),y,125
vsnaipaul,Sacrifices,1984,French,Albin Michel,Paris,France,paris_fr_france,Biography,y,221
vsnaipaul,Ulica Migel,1984,Serbian,Decje novine,Gornji Milanovac,Serbia,gornji_milanovac_serbia,Fiction (Short Story Collection),y,194
vsnaipaul,Une Maison Pour Monsieur Biswas,1985,French,Gallimard,Paris,France,paris_fr_france,Fiction (Novel),y,309
vsnaipaul,Ett Hus Åt Mr Biswas,1988,Swedish,Wahlström & Widstrand,Stockholm,Sweden,stockholm_sweden,Fiction (Novel),y,370
vsnaipaul,Une Virée Dans Le Sud,1989,French,Christian Bourgois,Paris,France,paris_fr_france,Nonfiction Book,y,426
vsnaipaul,L'Inde: Un Millon De Révoltes,1990,French,Librairie Plon,Paris,France,paris_fr_france,Nonfiction Book,y,665
vsnaipaul,Povesti I Rasskazy,1984,Russian,Raduga Publishers,Moskva,Russia,moskva_russia,,y,116
vsnaipaul,V Ohybu Reky,1985,Czech,Odeon,Praha,Czech Republic,,Fiction (Novel),y,246
vsnaipaul,Ankomstens Gåde,1990,Danish,Gyldendal,Copenhagen,Denmark,copenhagen_denmark,Fiction (Novel),y,181
vsnaipaul,Blandt De Rettroende: En Islamisk Rejse,1982,Danish,Hekla Publishing,"Cheyenne, WY",United States,cheyenne_wy_united_states,Fiction (Novel),y,89
vsnaipaul,Het Diepe Zuiden,1989,Dutch,De Arbeiderspers,Amsterdam,Netherlands,amsterdam_netherlands,Fiction (Novel),y,414
vsnaipaul,De Krokodillen Van Yamoussoukro,1985,Dutch,De Arbeiderspers,Amsterdam,Netherlands,amsterdam_netherlands,Fiction (Novel),y,547
vsnaipaul,De Terugkeer Van Eva Perón En Andere Essays,1982,Dutch,De Arbeiderspers,Amsterdam,Netherlands,amsterdam_netherlands,Fiction (Novel),y,547
vsnaipaul,Miguel Street,1984,Dutch,De Arbeiderspers,Amsterdam,Netherlands,amsterdam_netherlands,Fiction (Novel),y,547
vsnaipaul,Proloog Voor Een Autobiografie,1983,Dutch,De Arbeiderspers,Amsterdam,Netherlands,amsterdam_netherlands,Fiction (Novel),y,248
vsnaipaul,Het Raadsel Van De Aankomst,1988,Dutch,De Arbeiderspers,Amsterdam,Netherlands,amsterdam_netherlands,Fiction (Novel),y,416
vsnaipaul,Onder De Gelovigen: Een Reis Door De Islam,1981,Dutch,Pandora,Amsterdam,Netherlands,amsterdam_netherlands,Fiction (Novel),y,547
vsnaipaul,Onder De Gelovigen: Een Reis Door De Islam,1990,Dutch,De Arbeiderspers,Amsterdam,Netherlands,amsterdam_netherlands,Fiction (Novel),y,547
vsnaipaul,Onder De Gelovigen: Een Reis Door De Islam,1982,Dutch,De Arbeiderspers,Amsterdam,Netherlands,amsterdam_netherlands,Fiction (Novel),y,547
vsnaipaul,Stemmen In Elvira,1987,Dutch,De Arbeiderspers,Amsterdam,Netherlands,amsterdam_netherlands,Fiction (Novel),y,478
vsnaipaul,Een Huis Voor Meneer Biswas,1985,Dutch,De Arbeiderspers,Amsterdam,Netherlands,amsterdam_netherlands,Fiction (Novel),y,663
vsnaipaul,Een Bocht In De Rivier,1981,Dutch,De Arbeiderspers,Amsterdam,Netherlands,amsterdam_netherlands,Fiction (Novel),y,308
vsnaipaul,De Mimitators,1982,Dutch,De Arbeiderspers,Amsterdam,Netherlands,amsterdam_netherlands,Fiction (Novel),y,276
vsnaipaul,De Mimitators,1983,Dutch,De Arbeiderspers,Amsterdam,Netherlands,amsterdam_netherlands,Fiction (Novel),y,234
vsnaipaul,En Un Estado Libre,1981,Spanish,Destino,Barcelona,Spain,,Fiction (Novel),y,315
vsnaipaul,Mr Stone and the Knights Companion,1981,French,Penguin Books,London,England,,Fiction (Novel),y,125
vsnaipaul,Crépuscule Sur l'Islam: Voyage Au Pays Des Croyants,1981,French,Albin Michel,Paris,France,,Nonfiction Book,y,700
vsnaipaul,Os Mímicos,1987,Portugese,Companhia das Letras,Sãu Paulo,Brazil,,Fiction (Novel),y,319
vsnaipaul,A House for Mr. Biswas,1988,Italian,Penguin Books,London,England,,Fiction (Novel),y,566
vsnaipaul,Alla Curva Del Fiume,1982,Italian,Rizzoli Libri,Milano,Italy,,Fiction (Novel),y,273
vsnaipaul,Alla Curva Del Fiume,1989,Italian,Mondadori,Milano,Italy,,Fiction (Novel),y,273
vsnaipaul,Miguel Street,1981,Spanish,Penguin Books,London,England,,Fiction (Short Story Collection),y,131
vsnaipaul,U Slobodnoj Drzavi,1981,Serbian,Rad,Beograd,Serbia,,Fiction (Novel),y,138
vsnaipaul,Los Simuladores,1984,Spanish,Seix Barral,Barcelona,Spain,,Fiction (Novel),y,315
vsnaipaul,À La Courbe Du Fleuve: Roman,1984,French,Librairie générale française,Paris,France,,Fiction (Novel),y,327
vsnaipaul,Elezioni A Elvira,1990,Italian,Mondadori,Milano,Italy,,Fiction (Novel),y,243
vsnaipaul,Nel Sud,1989,Italian,Mondadori,Milano,Italy,,Nonfiction Book,y,380
vsnaipaul,Kurai Kawa,1981,Japanese,ティビーエス・ブリタニカ,Tokyo,Japan,,,y,390
vsnaipaul,Dis-Moi Qui Tuer: Roman,1983,French,Albin Michel,Paris,France,,Fiction (Novel),y,280
vsnaipaul,Sacrifices,1995,French,Albin Michel,Paris,France,,Biography,y,221
vsnaipaul,Entre Los Creyentes: Un Recorrido Por Tierras Del Islam,1983,Spanish,Lasser Press Mexicana,Mexico City,Mexico,,Nonfiction Book,y,456
vsnaipaul,Miguel Street,1982,French,Gallimard,Paris,France,,Fiction (Short Story Collection),y,131
vsnaipaul,Un Drapeau Sur l'île: Nouvelles,1983,French,Gallimard,Paris,France,,Fiction (Novel),y,232
vsnaipaul,L'Enigma Dell'Arrivo: Un Romanzo In Cinque Parti,1988,Italian,Arnoldo Mondadori Editore,Milan,Italy,,Fiction (Novel),y,412
jrhys,Wide Sargasso Sea,1987,Arabic,Dar al-Ma'mun,Baghdad,Iraq,baghdad_iraq,Fiction (Novel),y,159
jrhys,Quartet,1990,Chinese,China Federation of Literary and Art Circles Publishing Company,Beijing,China,beijing_china,Fiction (Novel),y,189
jrhys,Cang Hai Mang Mang,1986,Chinese,People's Literature Publishing House,Beijing,China,beijing_china,NA,y,193
jrhys,Voyage In The Dark,1984,Danish,Lindhardt og Ringhof,Copenhagen,Denmark,copenhagen_denmark,Fiction (Novel),y,169
jrhys,Voyage In The Dark,1983,Danish,Samlerens Bogklub,Copenhagen,Denmark,copenhagen_denmark,Fiction (Novel),y,169
jrhys,Voyage In The Dark,1982,Danish,Tiderne Skifter,Copenhagen,Denmark,copenhagen_denmark,Fiction (Novel),y,169
jrhys,"Good Morning, Midnight",1985,Danish,Tiderne Skifter,Copenhagen,Denmark,copenhagen_denmark,Fiction (Novel),y,170
jrhys,Efter Bruddet,1984,Danish,Tiderne Skifter,Copenhagen,Denmark,copenhagen_denmark,Fiction (Novel),y,171
jrhys,Quartet,1983,Danish,Tiderne Skifter,Copenhagen,Denmark,copenhagen_denmark,Fiction (Novel),y,163
jrhys,Efter Bruddet,1981,Danish,Tiderne Skifter,Copenhagen,Denmark,copenhagen_denmark,Fiction (Novel),y,171
jrhys,Wide Sargasso Sea,1983,Dutch,Bert Bakker,Amsterdam,Netherlands,amsterdam_netherlands,Fiction (Novel),y,159
jrhys,"Goedemorgen, Middernacht",1982,Dutch,Bert Bakker,Amsterdam,Netherlands,amsterdam_netherlands,Fiction (Novel),y,153
jrhys,The Left Bank & Other Stories,1927,French,Mercure de France,Paris,France,paris_fr_france,Fiction (Short Story Collection),y,256
jrhys,Quartet,1982,French,Gallimard,Paris,France,paris_fr_france,Fiction (Novel),y,189
jrhys,"Bonjour, Minuit",1987,French,Éditions Denoël,Paris,France,paris_fr_france,Fiction (Novel),y,223
jrhys,Quartett Roman,1985,German,Rogner und Bernhard,München,Germany,munchen_germany,Fiction (Novel),y,450
jrhys,Lächeln bitte! Unvollendete Erinnerungen,1982,German,Rogner und Bernhard,München,Germany,munchen_germany,Autobiography/Memoir,y,237
jrhys,Sargassomeer,1983,German,Fischer Taschenbuch Verlag,Frankfurt,Germany,frankfurt_ge_germany,Fiction (Novel),y,134
jrhys,Irrfahrt Im Dunkel,1985,German,Rogner und Bernhard,München,Germany,munchen_germany,Fiction (Novel),y,438
jrhys,"Adieu Marcus, Adieu Rose Erzählungen",1985,German,Rogner und Bernhard,München,Germany,munchen_germany,Fiction (Short Story Collection),y,559
jrhys,Hē platia thalassa tōn Sargassōn,1987,Greek,Gnose,Athens,Greece,athens_greece,Fiction (Novel),y,192
jrhys,Yam Sargaso ha-raḥav,1981,Hebrew,"Zemorah, Bitan, Modan",Tel Aviv,Israel,tel_aviv_israel,Fiction (Novel),y,164
jrhys,Bugzar Anra Gaz Binamand: Guzida-I Az Dastanha-Yi Nawisandigan-I Mu`asir-i Gahan,1990,Iranian,Nasr-i Mu`asir,The Hague,Netherlands,the_hague_netherlands,,y,
jrhys,Il grande mare dei Sargassi,1989,Italian,Adelphi,Milano,Italy,milano_italy,Fiction (Novel),y,207
jrhys,Viaje en la oscuridad,1981,Spanish,J. Vergara Editor,Buenos Aires,Argentina,,Fiction (Novel),y,183
jrhys,L'Ampla mar dels Sargassos,1987,Spanish,Columna,Barcelona,Spain,,Fiction (Novel),y,155
jrhys,Viaje en la oscuridad,1990,Spanish,Editorial Grijalbo,Mexico City,Mexico,mexico_d.f._mexico,Fiction (Novel),y,223
jrhys,Después de dejar al señor Mackenzie,1983,Spanish,Noguer,Barcelona,Spain,,Fiction (Novel),y,226
jrhys,Cuarteto,1990,Spanish,Grijalbo Mondadori,Barcelona,Spain,,Fiction (Novel),y,235
jrhys,Cuarteto,1983,Spanish,J. Vergara Editor,Buenos Aires,Argentina,,Fiction (Novel),y,212
jrhys,"Sonríe, por favor : una autobiografía inconclusa",1989,Spanish,Fondo de Cultura Economica,Mexico City,Mexico,mexico_d.f._mexico,Autobiography/Memoir,y,190
jrhys,"Buenos días, medianoche",1981,Spanish,J. Vergara Editor,Buenos Aires,Argentina,,Fiction (Novel),y,194
jrhys,Los tigres son más hermosos,1983,Spanish,Editorial Anagrama,Barcelona,Spain,,Fiction (Short Story Collection),y,141
jrhys,Dörtlü,1985,Turkish,Can Yayinlari Ltd. Sti.,Istanbul,Turkey,istanbul_turkey,Fiction (Novel),y,191
jrhys,Ancho mar de los Sargazos,1982,Spanish,Bruguera,Barcelona,Spain,,Fiction (Novel),y,191
jrhys,Ein Abend In Der Stadt: Erzählungen,1990,German,Kiepenheuer & Witsch,Köln,Germany,,Fiction (Short Story Collection),y,265
jrhys,Ayriliktan Sonra,1985,Turkish,Can Yayinlari Ltd. Sti.,Istanbul,Turkey,istanbul_turkey,Fiction (Novel),y,158
jrhys,Ancho mar de los Sargazos,1990,Spanish,Anagrama,Barcelona,Spain,,Fiction (Novel),y,196
jrhys,Después de dejar al señor Mackenzie,1990,Spanish,Anagrama,Barcelona,Spain,,Fiction (Novel),y,205
jrhys,Después de dejar al señor Mackenzie,1983,Spanish,Noguer,Barcelona,Spain,,Fiction (Novel),y,198
jrhys,El Vasto Mar De Los Sargazos,1982,Spanish,Casa de las Américas,Havana,Cuba,,Fiction (Novel),y,172
jrhys,"Ci dorma sopra, Signora",1982,Italian,La Tartaruga,Milano,Italy,milano_italy,Fiction (Short Story Collection),y,142
jrhys,여자가이별을말할때 (Yoja Ka Ibyol Ul Mal Halttae),1983,Korean,Munjisa,Seoul,South Korea,seoul_south_korea,Fiction (Novel),y,210
jrhys,Viaje en la oscuridad,1981,Spanish,Javier Vergara,Buenos Aires,Argentina,,Fiction (Novel),y,183
jrhys,Quatuor,1981,French,Loisirs,Paris,France,paris_fr_france,Fiction (Novel),y,222
jrhys,Günaydın geceyarısı,1990,Turkish,Can Yayinlari Ltd. Sti.,Istanbul,Turkey,istanbul_turkey,Fiction (Novel),y,191
jrhys,カルテット / (Karutetto),1988,Japanese,Hayakawa Publishing (早川書房),Tokyo,Japan,,Fiction (Novel),y,233
jrhys,Karanlıkta yolculuk,1989,Turkish,Can Yayinlari Ltd. Sti.,Istanbul,Turkey,istanbul_turkey,Fiction (Novel),y,165
jrhys,Geniş geniş bir deniz,1982,Turkish,Can Yayinlari Ltd. Sti.,Istanbul,Turkey,istanbul_turkey,Fiction (Novel),y,216
jrhys,Aphotou ephyge apo ton kyrio Makenzy,1982,"Greek, Modern",Chatzenikole,Athena,Greece,athena_greece,Fiction (Novel),y,134
jrhys,Nach der Trennung von Mr. Mackenzie,1984,German,Ullstein,Frankfurt,Germany,frankfurt_ge_germany,Fiction (Novel),y,222
jrhys,Den Första Hustrun,1989,Swedish,Btj,Stockholm,Sweden,stockholm_sweden,Fiction (Novel),y,186
jrhys,"Que Usted La Duerma Bien, Señora",1985,Spanish,Bruguera,Barcelona,Spain,,Fiction (Short Story Collection),y,173
jrhys,Taxidi Sto Skotadi,1989,"Greek, Modern",Ekdoseis Astartē,Athena,Greece,athena_greece,Fiction (Novel),y,155
jrhys,Marea Sargasselor,1988,Romanian,Univers,Bucuresti,Romania,,Fiction (Novel),y,203
jrhys,Sargassomeer,1982,German,Frankfurt Fischer-Taschenbuch-Verlag,Berlin,Germany,berlin_verl_germany,Fiction (Novel),y,134
jrhys,Wide Sargasso Sea,1987,Hungarian,Európa Editions,Budapest,Hungary,budapest_hungary,Fiction (Novel),y,159
jrhys,Wide Sargasso Sea,1987,Polish,Wydaw. Literackie,Krakow,Poland,krakow_poland,Fiction (Novel),y,159
jrhys,Voyage In The Dark,1986,Italian,Penguin Books,Firenze,Italy,firenze_italy,Fiction (Novel),y,169
vpollard,Caribbean Languages Lesser Known Varieties,1990,German,De Gruyter,Berlin,Germany,berlin_germany,Nonfiction Book,y,100
jalvarez,Die Zeit der Schmetterlinge Roman,2017,German,Piper Edition,Munich,Germany,munich_germany,Fiction (Novel),y,460
jalvarez,Im Namen Der Salomé Roman,2017,German,Piper Verlag GmbH,Munich,Germany,munich_germany,Fiction (Novel),y,423
jalvarez,Yolanda: Roman,2017,German,Piper Verlag GmbH,Munich,Germany,munich_germany,Fiction (Novel),y,357
jalvarez,In De Tijd Van De Vlinders,2006,Dutch,Poema Pocket,Amsterdam,Netherlands,amsterdam_netherlands,Fiction (Novel),y,365
acarpenter,Le Recours de la Méthode,2008,French,Gallimard,Paris,France,paris_france,Fiction (Novel),y,420
acarpenter,A Fény Százada,1979,Hungarian,Kriterion Publishing House,Bukarest,Romania,bukarest_romania,Fiction (Novel),y,391
acarpenter,The Kingdom of This World,1957,English,Alfred A. Knopf,"New York, NY",United States,new_york_ny_united_states,Fiction (Novel),y,150
acarpenter,The Lost Steps,1956,English,Alfred A. Knopf,"New York, NY",United States,new_york_ny_united_states,Fiction (Novel),y,278
acarpenter,The Kingdom of This World,2006,English,"Farrar, Straus and Giroux","New York, NY",United States,new_york_ny_united_states,Fiction (Novel),y,180
acarpenter,The Kingdom of This World,2017,English,"Farrar, Straus and Giroux","New York, NY",United States,new_york_ny_united_states,Fiction (Novel),y,160
acarpenter,The Kingdom of This World,1989,English,"Farrar, Straus and Giroux","New York, NY",United States,new_york_ny_united_states,Fiction (Novel),y,186
acarpenter,Music in Cuba,2001,English,University Of Minnesota Press,"Minneapolis, MN",United States,minneapolis_mn_united¬†states,Nonfiction Book,y,312
acarpenter,The Chase,1989,English,"Farrar, Straus and Giroux","New York, NY",United States,new_york_ny_united_states,Fiction (Novel),y,121
acarpenter,The Kingdom of This World,1990,English,André Deutsch,London,England,london_england,Fiction (Novel),y,150
acarpenter,Reasons of State,1976,English,Alfred A. Knopf,"New York, NY",United States,new_york_ny_united_states,Fiction (Novel),y,308
acarpenter,The Harp and the Shadow,1990,English,Mercury House,"San Francisco, CA",United States,san_francisco_ca_united¬†states,Fiction (Novel),y,159
acarpenter,The Harp and the Shadow,1992,English,Mercury House,"San Francisco, CA",United States,san_francisco_ca_united¬†states,Fiction (Novel),y,176
acarpenter,War of Time,1970,English,Alfred A. Knopf,London,England,london_england,Fiction (Novel),y,191
acarpenter,Baroque Concerto,1991,English,Deutsch,London,England,london_england,Fiction (Novella),y,121
acarpenter,Chasse à L'Homme,2014,French,Gallimard,Paris,France,paris_france,Fiction (Novel),y,283
acarpenter,Chasse à L'Homme,1958,French,Gallimard,Paris,France,paris_france,Fiction (Novel),y,208
acarpenter,Chasse à L'Homme,1993,French,Gallimard,Paris,France,paris_france,Fiction (Novel),y,203
acarpenter,L'Arpa e L'Ombra,2020,Italian,Sellerio Editore,Palermo,Italy,palermo_italy,Fiction (Novel),y,247
acarpenter,El Reino de Este Mundo,2009,Spanish,Rayo,"New York, NY",United States,new_york_ny_united_states,Fiction (Novel),y,169
acarpenter,Die Methode der Macht,1989,German,Suhrkamp Verlag,Frankfurt,Germany,frankfurt_ge_germany,Fiction (Novella),y,389
acarpenter,Explosion in a Cathedral,1963,English,"Little, Brown and Company","New York, NY",United States,new_york_ny_united_states,Fiction (Novella),y,351
acarpenter,Reasons of State,2013,English,Melville House,"Brooklyn, NY",United States,brooklyn_ny_ny_united_states,Fiction (Novella),y,400
acarpenter,La Danse Sacrale,2018,French,Gallimard,Paris,France,paris_fr_france,Fiction (Novella),y,784
acarpenter,The Kingdom of This World,1987,English,Limited Editions Club,"New York, NY",United States,new_york_ny_united_states,Fiction (Novella),y,104
acésaire,Notebook of a Return to the Native Land,2013,English,Wesleyan University Press,"Middletown, CT",United States,middletown_ct_united¬†states,Poem,y,73
acésaire,A Tempest,2002,English,Theatre Communications Group,"New York, NY",United States,new_york_ny_united_states,Drama,y,69
acésaire,Discourse on Colonialism,2000,English,Monthly Review Press,"New York, NY",United States,new_york_ny_united_states,Nonfiction Book,y,96
acésaire,A Tempest,1988,English,Ubu Repertory Theater,"New York, NY",United States,new_york_ny_united_states,Drama,y,75
acésaire,"Lyric and Dramatic Poetry, 1946-82",1990,English,University Press of Virginia,"Charlottesville, VA",United States,charlottesville_va_united¬†states,Poetry Collection,y,235
acésaire,Notebook of a Return to the Native Land,2020,English,Bloodaxe Books,Hexham,England,hexham_england,Fiction (Novel),y,144
acésaire,Non-Vicious Circle: Twenty Poems Of Aimé Césaire,1984,English,Stanford University Press,"Stanford, CA",United States,stanford_ca_united¬†states,Poetry Collection,y,152
acésaire,Some African Poems,1981,English,Munger Africana Library,"Pasadena, CA",United States,pasadena_ca_united¬†states,Poetry Collection,y,19
acésaire,The Woman and the Knife,1981,English,Red Ozier Press,"New York, NY",United States,new_york_ny_united_states,Poem,y,
acésaire,Journal of a Homecoming,2017,English,Duke University Press Books,"Durham, NC",England,durham_nc_england,Poetry Collection,y,328
acésaire,A Tempest,1986,English,Ubu Repertory Theater Publications,"New York, NY",United States,new_york_ny_united_states,Drama,y,75
asalkey,Orkanen,1970,Danish,Høst,Copenhagen,Denmark,copenhagen_denmark,Fiction (Novel),y,123
cmckay,Fond de banane,1934,French,Les Éditions Rieder,Paris,France,paris_france,Fiction (Novel),y,333
cmckay,Cock-Tail Negro,1931,Spanish,Ediciones Ulises,Madrid,Spain,madrid_spain,Fiction (Novel),y,314
cmckay,Domoi Y Garlem,1929,Russian,Zemlia i fabrika,Moskva,Russia,moskva_russia,Fiction (Novel),y,239
cmckay,Romantica Marsiglia,2020,Italian,Pessime idee,Rome,Italy,rome_italy,Fiction (Novel),y,170
lscott,Balai de Sorcière,2020,French,Mémoire d’Encrier,Montreal,Canada,,Fiction (Novel),y,360
lscott,Calypso De Nuit,2005,French,Sabine Wespieser éditeur,"Paris, FR",France,paris_fr_france,Fiction (Novel),y,NA
mvchauvet,Dance on the Volcano,2016,English,Archipelago Books,"Brooklyn, NY",United States,brooklyn_ny_united_states,Fiction,y,496
ngullien,Memories - Anthologie Poétique,2007,French,Desnel,Fort-de-France,Martinique,fort_de_france_martinique,Poetry Collection,y,82
ngullien,Yoruba from Cuba: Selected Poems of Nicolas Guillen,2005,English,Peepal Tree Press,"Leeds, LND",England,leeds_ldn_england,Poetry Collection,y,208
osenior,Un Pipiri m'a Dit,2014,French,Le Castor Astral,Bègles,France,,Poetry Collection,y,256
wharris,Enigma Of Values: An Introduction,1975,Danish,Dangaroo Press,Aarhus,Denmark,aarhus_denmark,Fiction (Novel),y,182
wharris,Le Palais Du Paon,1979,French,Editions des Autres,Paris,France,paris_fr_france,Fiction (Novel),y,163
franketienne,Ready To Burst,2014,English,Archipelago Books,"Brooklyn, NY",United States,brooklyn_ny_united_states,Fiction (Novel),y,
franketienne,Dezafi,2018,English,University of Virginia Press,"Charlottesville, VA",United States,charlottesville_va_united_states,Fiction (Novel),y,
abarrera,The last days of el comandante,2020,English,University of Texas Press,"Austin, TX",United States,austin_tx_united¬†states,Fiction (Novel),y,236
abarrera,Crimes,2015,English,MacLehose Press,London,England,(london)_england,Fiction (Novel),y,152
abarrera,The sickness,2012,English,Tin House Books,"Portland, OR",United States,portland_or_united¬†states,Fiction (Novel),y,188
asankar,Rosalind And The Hog People,2012,English,Anisah Sankar,San Fernando,Trinidad & Tobago,san_fernando_trinidad_&¬†tobago,Fiction (Novel),y,125
abenitez-rogo,Mujer en traje de batalla,2005,Spanish,Punto de lectura,Madrid,Spain,madrid_spain,Fiction (Novel),y,698
,"Et d'un seul bras, la soeur balaie sa maison",2021,French,Calmann-Lévy,Paris,France,paris_france,Fiction (Novel),y,363
jfmanzano,"Poems by a Slave in the Island of Cuba, Recently Liberated",2017,English,Forgotten Books,London,England,,Poetry Collection,y,206
author id,No Pain Like This Body,1972,English,Anansi Press,"Toronto, ON",Canada,toronto_on_canada,Fiction (Novel),y,141
dlaferrière,Why Must A Black Writer Write About Sex?,1994,English,Coach House Press,"Toronto, ON",Canada,toronto_on_canada,Fiction (Novel),y,198
dlaferrière,Das Rätsel Rer Rückkehr Roman,2013,German,Wunderhorn,Heidelberg,Germany,,Fiction (Novel),y,298
dlaferrière,Enigma Of The Return,2018,English,Maclehose Press,London,United Kingdom,london_united¬†kingdom,Fiction (Novel),y,279
dlaferrière,How to make love to a negro a novel,1987,English,Coach House Books,"Toronto, ON",Canada,toronto_on_canada,Fiction (Novel),y,117
dlaferrière,Sŭlp'ŭm i ch'um ch'unda,2011,Korean,Saenggak ŭi Namu,Sŏul,South Korea,,Fiction (Novel),y,392
dlaferrière,The return,2011,English,Douglas & McIntyre,Vancouver,Canada,vancouver_bc_canada,Fiction (Novel),y,227
dlaferrière,El enigma del regreso,2012,Spanish,Alianza Editorial,Madrid,Spain,madrid_spain,Fiction (Novel),y,313
dlaferrière,Heading south,2009,English,Douglas & McIntyre,Vancouver,Canada,vancouver_bc_canada,Fiction (Novel),y,211
dlaferrière,Ka jugu,2007,Serbian,Laguna,Beograd,Serbia,beograd_serbia,Fiction (Novel),y,198
dlaferrière,I am a Japanese writer : a novel,2010,English,Douglas & McIntyre,Vancouver,Canada,vancouver_bc_canada,Fiction (Novel),y,182
dlaferrière,Wagahai wa Nihon sakka de aru,2014,Japanese,Fujiwara Shoten,Tokyo,Japan,tokyo_japan,Fiction (Novel),y,285
dlaferrière,Sono uno scrittore giapponese,2019,Italian,66thand2nd,Roma,Italy,roma_italy,Fiction (Novel),y,189
dlaferrière,Dining with the dictator,1992,English,Coach House Books,"Toronto, ON",Canada,toronto_on_canada,Fiction (Novel),y,207
dlaferrière,Down among the dead men,1997,English,Douglas & McIntyre,Vancouver,Canada,vancouver_bc_canada,Fiction (Novel),y,212
dlaferrière,Paese senza cappello,2015,Italian,Nottetempo,Roma,Italy,roma_italy,Fiction (Novel),y,265
dlaferrière,Drifting year.,1997,English,Douglas & McIntyre,"Toronto, ON",Canada,toronto_on_canada,Fiction (Novel),y,118
dlaferrière,Amai hyoryu,2014,Japanese,Fujiwarashoten,Tokyo,Japan,tokyo_japan,Fiction (Novel),y,325
dlaferrière,An aroma of coffee,1993,English,Coach House Press,"Toronto, ON",Canada,toronto_on_canada,Fiction (Novel),y,171
dlaferrière,Esta granada en manos del joven negro es un arma o una fruta?,2004,Spanish,El Cobre Ediciones,Barcelona,Spain,,Fiction (Novel),y,392
dlaferrière,Come diventare famosi senza far fatica,2004,Italian,La Tartaruga Edizioni,Milano,Italy,milano_italy,Fiction (Novel),y,342
dlaferrière,Eroshima : a novel,1991,English,Coach House Press,"Toronto, ON",Canada,toronto_on_canada,Fiction (Novel),y,87
dlaferrière,Eroshima,1992,Dutch,Goossens,Rijswijk,Netherlands,rijswijk_netherlands,Fiction (Novel),y,124
dlaferrière,Eroshima,2018,Japanese,Fujiwarashoten,Tokyo,Japan,tokyo_japan,Fiction (Novel),y,194
dlaferrière,Verso il Sud,2006,Italian,La Tartaruga Edizioni,Milano,Italy,milano_italy,Fiction (Novel),y,319
dlaferrière,Hē sarka tou aphentē,2006,Greek,Ekdoseis Arga,Athēna,Greece,athena_greece,Fiction (Novel),y,371
dlaferrière,L'arte ormai perduta del dolce far niente,2016,Italian,66thand2nd,Roma,Italy,roma_italy,Biography,y,385
dlaferrière,Ji hu xiao shi de tou xian yi shu,2017,Chinese,Hai tian chu ban she,Shen zhen,China,,Biography,y,324
eewilliams,The Negro In The Caribbean,1941,English,The Associates in Negro Folk Education,"Washington, DC",United States,washington_dc_united¬†states,Non Fiction,y,544
eewilliams,Capitalism & Slavery,1944,English,University of North Carolina Press,"Chapel Hill, NC",United States,chapel_hill_nc_united¬†states,Non Fiction,y,285
hnthomas,Des Vies Cassées,2013,French,Memoire d'Encrier,"Montréal, QC",Canada,,Fiction (Short Story Collection),y,223
hnthomas,De Glace et d'Ombre,2016,French,Memoire d'Encrier,"Montréal, QC",Canada,,Fiction (Novel),y,450
deleger,God Loves Haiti: A Novel,2016,English,Amistad,Sacramento,California,california_united_states,Fiction (Novel),y,272
dbrand,Il Libro Dei Desideri,2005,Italian,Giunti,Firenze,Italy,firenze_italy,Fiction (Novel),y,311
dbrand,Di Luna Piena E Di Luna Calante,2004,Italian,Giunti,Firenze,Italy,firenze_italy,Fiction (Novel),y,288
dbrand,Wonach Sich Alle Sehnen: Roman,2007,German,Atrium Verlag,Zurich,Switzerland,zurich_switzerland,Fiction (Novel),y,382
dbrand,Une Terre Où Se Poser,1997,French,Anagrammes,Perros-Guirec,France,perros_guirec_france,Poetry Collection,y,149
dbrand,Les Désirs De La Ville : Roman,2011,French,L'Instant même,Quebec,Canada,quebec_canada,Fiction (Novel),y,294
eedugyan,Half Blood Blues,2011,English,Serpent's Tail,London,England,(london)_england,Fiction,y,343
eedugyan,The Second Life of Samuel Tyne,2005,English,Vintage Canada,"New York, NY",United States,new_york_ny_united¬†states,Fiction,y,320
eedugyan,Out of the Sun: On Race and Storytelling,2022,English,House of Anansi Press,"Toronto, ON",Canada,toronto_on_canada,Fiction,y,248
eedugyan,Dreaming of Elsewhere: Observations on Home,2014,English,The University of Alberta Press,"Edmonton, Alberta",Canada,edmonton_canada,Fiction,y,35
ejones,Yn Hogyn Ar Longau Hwyliau,1978,Welsh,Gwasg y Tir,Caernarfon,Wales,caernarvon_wales,Biography,y,112
ejones,Doethineb Llafar. Yn Bennaf Fel Y'i Clybuwyd Yng Nghantref Buallt. O Gasgliad Evan Jones,1925,Welsh,Thomas & Parry,Swansea,Wales,swansea_wales,,y,53
ejones,Doethineb Llafar,1925,Welsh,"Thomas a Parry, Cyf.",Swansea,Wales,swansea_wales,,y,
ejones,"The Bard Or, The Towers Of Morven ; A Legendary Tale",1810,German,Newman,"Red Bank, NJ",United States,red_bank_nj_united_states,Fiction (Novel),y,160
ejones,Kenneth MacKenzie,1969,Italian,Oxford University Press,Melbourne,Australia,melbourne_australia,Nonfiction Book,y,48
ejones,Aventures Sur La Planète Knos,1998,French,Editions Dapper,Paris,France,paris_fr_france,Fiction (Novel),y,197
ycanetti,"I can be president, too!",2012,English,"Scholastic, Inc.",New York,United States,new_york_ny_united_states,Fiction (Novel),y,32
fcarco,Perversity,1987,test,Black Lizard,"Berkley, CA",United States,berkeley_ca_united¬†states,Fiction (Novel),y,120
pabrahams,Zabawa w porwanego,2005,Polish,C & T,Toruń,Poland,,Fiction (Novella),y,312
pabrahams,Anthologie africaine et malgache,1966,French,Seghers,Paris,France,paris_fr_france,Fiction (Short Story Collection),y,307
devery,The Merger Mogul,2012,English,Donna Every,NA,Barbados,na_barbados,Fiction,y,286
devery,Free at Last (The Acreage Series Book 3),2017,English,NA,NA,NA,na_na,Fiction,y,326
ptmarcelin,Canapé-Vert,1944,English,"Farrar, Straus and Giroux","New York, NY",United States,new_york_ny_united_states,Fiction (Novel),y,225
ptmarcelin,Canapé-Vert,1944,English,Farrar and Rinehart,"New York, NY",United States,new_york_ny_united_states,Fiction (Novel),y,NA
ptmarcelin,The Beast of the Haitian Hills,1986,English,City Light Books,"San Francisco, CA",United States,san_francisco_ca_united_states,Fiction (Novel),y,179
ptmarcelin,The Pencil of God,1951,English,Houghton Mifflin,"Boston, MA",United States,boston_ma_united_states,Fiction (Novel),y,204
ptmarcelin,All Men are Mad,1970,English,Farrar and Rinehart,"New York, NY",United States,new_york_ny_united_states,Fiction (Novel),y,179
ptmarcelin,The Singing Turtle and Other Tales from Haiti,1971,English,Farrar and Rinehart,"New York, NY",United States,new_york_ny_united_states,Fiction (Short Story Collection),y,115
ptmarcelin,Canape Verde,1947,Spanish,Siglo Veinte,Buenos Aires,Argentina,,Fiction (Novel),y,189
ptmarcelin,Todos los Hombres están Locos,1971,Spanish,Editorial Novaro,Mexico City,Mexico,mexico_city_mexico,Fiction (Novel),y,158
pmarcelin,Singing Turtle and Other Tales From Haiti,1971,English,"Farrar, Straus and Giroux","New York, NY",United States,new_york_ny_united_states,Fiction (Novel),y,115
rarenas,Before Night Falls,2001,Japanese,InsightOut Books,"New York, NY",United States,new_york_ny_united_states,Autobiography/Memoir,y,NA
rarenas,Singing from the Well,2002,Japanese,Tusquets Editores S.A.,Tokyo,Japan,tokyo_japan,Fiction (Novel),y,NA
rarenas,The Palace of the White Skunks,1991,English,Viking Press,"New York, NY",United States,new_york_ny_united_states,Fiction (Novel),y,384
rarenas,Farewell to the Sea: A Novel of Cuba,1985,English,Viking Press,"New York, NY",United States,new_york_ny_united_states,Fiction (Novel),y,424
rarenas,Hallucinations: Being an Account of the Life and Adventures of Fray Servando,1976,English,Penguin Books,Westminster,England,westminster_england,Fiction (Novel),y,NA
rarenas,O Selestino Prin Ten Auge,1984,"Greek, Modern",Exantaz,NA,NA,na_na,Fiction (Novel),y,NA
rarenas,Old Rosa,1984,English,Grove Press,"New York, NY",United States,new_york_ny__united_states,Fiction (Novel),y,106
rarenas,The Color of Summer: or The New Garden of Earthly Delights,2001,English,Penguin Books,"New York, NY",United States,new_york_ny__united_states,Fiction (Novel),y,465
rarenas,The Color of Summer: or The New Garden of Earthly Delights,2001,English,Penguin Books,"New York, NY",United States,new_york_ny__united_states,Fiction (Novel),y,482
rarenas,Hallucinations: Being an Account of the Life and Adventures of Fray Servando,2001,English,Penguin Books,"New York, NY",United States,new_york_ny__united_states,Fiction (Novel),y,288
rarenas,Singing from the Well,1988,English,Penguin Books,"New York, NY",United States,new_york_ny__united_states,Fiction (Novel),y,240
rarenas,Le Monde Hallucinant,1984,French,Ed du Seuil,Paris,France,paris_fr_france,Fiction (Novel),y,277
rarenas,Voyage à la Havane,1990,French,Presses de la Renaissance,Paris,France,paris_fr_france,Fiction (Novel),y,178
rarenas,The Color of Summer: or The New Garden of Earthly Delights,1990,English,Viking Press,"New York, NY",United States,new_york_ny__united_states,Fiction (Novel),y,465
rarenas,The Palace of the White Skunks,1990,English,Viking Press,"New York, NY",United States,new_york_ny__united_states,Fiction (Novel),y,356
rarenas,Singing from the Well,1987,English,Viking Press,"New York, NY",United States,new_york_ny__united_states,Fiction (Novel),y,206
rarenas,Farewell to the Sea: A Novel of Cuba,1987,English,Penguin Books,London,England,london_europe,Fiction (Novel),y,413
rarenas,Singing from the Well,1988,Spanish,Penguin Books,"New York, NY",United States,new_york_ny__united_states,Fiction (Novel),y,212
rarenas,Opsene,1987,Serbian,Srpska knjizevna zadruga,Beograd,Serbia,beograd;_alnari_serbia,Fiction (Novel),y,244
rarenas,La Plantation,1983,French,Éditions du Seuil,Paris,France,paris_fr_france,Fiction (Novel),y,121
rarenas,Castelul: Roman,1988,Romanian,Editura Militara,Bucuresti,Romania,bucuresti,Fiction (Novel),y,286
rarenas,Der Palast der Blütenweissen Stinktiere,1982,German,Luchterhand,Darmstadt,Germany,,Fiction (Novel),y,347
rarenas,Before Night Falls,2020,English,Penguin Books,London,England,london_europe,Autobiography/Memoir,y,336
rarenas,Before Night Falls,2020,English,Penguin Books,London,England,london_europe,Autobiography/Memoir,y,329
rarenas,Harhanäkyjen Maailma,1989,Finnish,Kirjayhtymä,Helsinki,Finland,helsingissä_hki_finland,Fiction (Novel),y,249
rarenas,Le Portier,1990,French,Éditions Rivages,Paris,France,paris_fr_france,Fiction (Novel),y,246
rarenas,Fin du défilé : Nouvelles,1988,French,Presses de la Renaissance,Paris,France,paris_fr_france,Fiction (Novel),y,154
rarenas,O Mundo Alucinante,1984,Portuguese,Francisco Alves,Rio de Janeiro,Brazil,rio_de_janeiro_br_brazil,Fiction (Novel),y,NA
rarenas,Mekurumeku Sekai,1989,Japanese,Kokusho Kankokai,Tokyo,Japan,tokyo_kantō_japan,Fiction (Novel),y,329
rarenas,Hallucinations: Being an Account of the Life and Adventures of Fray Servando,1971,English,Ultramarine Pub Co,"New York, NY",United States,new_york_ny__united_states,Fiction (Novel),y,286
rmaran,Batouala,1973,English,Heinemann,Oxford,England,oxford_england,Fiction (Novel),y,149
ekbrathwaite,La Unidad Submarina: Ensayos Caribeños,2010,Spanish,Katatay,Caracas,Venezuela,caracas_venezuela,Essay,y,207
ekbrathwaite,Le Detonateur de Visibilite: The Visibility Trigger,1986,French,Leuvense Schrijversaktie,Leuven,Belgium,leuven_belgium,Poem,y,60
ekbrathwaite,La Criollización en las Antillas de Lengua Inglesa,1979,Spanish,Universidad Nacional Autónoma de México,Mexico City,Mexico,mexico_d.f._mexico,Poem,y,30
ekbrathwaite,Black + Blues,1977,Spanish,Casa de las Américas,Havana,Cuba,havana_cuba,Poetry Collection,y,92
ekbrathwaite,Rêvhaïti,2013,French,Mémoire D'Encrier,"Montréal, QC",Canada,montreãåal_qc_canada,Poem,y,61
rfernandez,Avec les Mêmes Mains,1969,Spanish,P.J. Oswald,Honfleur,Frane,honfleur_frane,Poem,y,105
rfernandez,Caliban and Other Essays,1989,English,Univ Of Minnesota Press,"Minneapolis, MN",United States,minneapolis_mn_united¬†states,Essay,y,160
gmfenn,Young Robin Hood,2007,English,Dodo Press,"New York, NY",United States,new_york_ny_united¬†states,Fiction,y,52
gmfenn,The Dark House,2008,English,Dodo Press,"New York, NY",United States,new_york_ny_united¬†states,Fiction,y,152
gmfenn,The Kopje Garrison: A Story of the Boer War,2012,English,Good Press,Glasgow,Scotland,glasgow_scotland,Fiction,y,305
eaugustave,The Roving Tree,2013,English,OpenLens,"Brooklyn, NY",United States,brooklyn_ny_united¬†states,Fiction (Novel),y,308
gpicart,Historias Celtas,2014,English,Ediciones Extramuros,Havana,Cuba,havana_cuba,Fiction (Short Story Collection),y,114
gpicart,Olio Su Tela,2014,Italian,Nova Delphi,Rome,Italy,rome_italy,Short Story,y,128
gkorman,L'escroc,2010,French,Éditions Scholastic,"Toronto,ON",Canada,toronto_on_canada,Fiction (Novel),y,244
gkorman,Guan jian yin fu,2010,Chinese,Huang guan wen hua chu ban you xian gong si,Taibei Shi,Taiwan,taipei_taiwan,Fiction (Novel),y,249
gkorman,Uma nota desafinada,2010,Portugese,Edições Gailivro,Vila Nova de Gaia,Portugal,,Fiction (Novel),y,147
gkorman,Mozarts Geheimnis,2010,German,Cbj Avanti,München,Germany,münchen_germany,Fiction (Novel),y,206
gkorman,La falsa nota,2010,Italian,Edizioni Piemme,Milano,Italy,milano_italy,Fiction (Novel),y,211
gkorman,Una nota falsa,2011,Spanish,Ediciones Destino,Barcelona,Spain,,Fiction (Novel),y,172
gkorman,Fausse note à Venise,2011,French,Éditions Scholastic,"Toronto,ON",Canada,toronto_on_canada,Fiction (Novel),y,184
gkorman,Di huang mi ma,2011,Chinese,Huang guan wen hua chu ban you xian gong si,Taibei Shi,Taiwan,taipei_taiwan,Fiction (Novel),y,251
gkorman,Entführung am Himalaya,2011,German,Cbj Avanti,München,Germany,münchen_germany,Fiction (Novel),y,205
gkorman,Au sommet de l'Everest,2012,French,Éditions Scholastic,"Toronto,ON",Canada,toronto_on_canada,Fiction (Novel),y,214
gkorman,El código del emperador,2012,Spanish,Ediciones Destino,Barcelona,Spain,,Fiction (Novel),y,201
gkorman,Un chico de lo más normal,2012,Spanish,B de Blok,Barcelona,Spain,,Fiction (Novel),y,259
gkorman,Piégé,2011,French,Éditions Scholastic,"Toronto,ON",Canada,toronto_on_canada,Fiction (Novel),y,242
gkorman,Repartir,2019,French,Éditions Scholastic,"Toronto,ON",Canada,toronto_on_canada,Fiction (Novel),y,288
gkorman,Рестарт,2020,Russian,Rozovyj Zjiraf,Moskva,Russia,moskva_russia,Fiction (Novel),y,290
gkorman,Les hypnotiseurs,2014,French,Éditions Scholastic,"Toronto,ON",Canada,toronto_on_canada,Fiction (Novel),y,240
gkorman,Holgazán,2018,Spanish,Scholastic Press,"New York, NY",United States,new_york_ny_united_states,Fiction (Novel),y,248
gcinfante,La Havane Pour un Infante Defunt,1985,French,Éditions du Seuil,Paris,France,paris_france,Fiction (Novel),y,456
gcinfante,View of Dawn in the Tropics,1990,English,Faber and Faber,London,England,london_england,Fiction (Novel),y,163
gcinfante,Infante's Inferno,1985,English,Avon,"New York, NY",United States,new_york_ny_united_states,Fiction (Novel),y,410
gcinfante,View of Dawn in the Tropics,1988,English,Harper & Brothers,"New York, NY",United States,new_york_ny_united_states,Fiction (Novel),y,163
gcinfante,View of Dawn in the Tropics,1981,English,Creative Arts Books Co.,"Berkeley, CA",United States,berkeley_ca_united¬†states,Fiction (Novel),y,145
gcinfante,Infante's Inferno,1990,English,Faber and Faber,London,England,london_england,Fiction (Novel),y,438
gcinfante,Three Trapped Tigers,1985,English,Avon,"New York, NY",United States,new_york_ny_united_states,Fiction (Novel),y,470
gcinfante,Infante's Inferno,1984,English,Harper & Brothers,"New York, NY",United States,new_york_ny_united_states,Fiction (Novel),y,410
gcinfante,Holy Smoke,1986,English,Faber and Faber,London,England,london_england,Fiction (Novel),y,197
gcinfante,Holy Smoke,1985,English,Harper & Brothers,"New York, NY",United States,new_york_ny_united_states,Fiction (Novel),y,329
gcinfante,Vista do Amanhecer no Trópico,1988,Portugese,Companhia das Letras,São Paulo,Brazil,sao_paulo_brazil,Fiction (Novel),y,171
gcinfante,La Havane Pour un Infante Défunt,1985,French,Éditions du Seuil,Paris,France,paris_france,Fiction (Novel),y,456
gcinfante,Orbis Oscillantis,1980,French,Flammarion,Paris,France,paris_france,Fiction (Novel),y,234
gcinfante,Trois Tristes Tigres,1989,French,Gallimard,Paris,France,paris_france,Fiction (Novel),y,459
gcinfante,Rauchzeichen,1990,German,Insel Verlag,Frankfurt,Germany,frankfurt_germany,Fiction (Novel),y,413
gcinfante,Drei Traurige Tiger Roman,1990,German,Suhrkamp Verlag,Frankfurt,Germany,frankfurt_germany,Fiction (Novel),y,535
gcinfante,Rauchzeichen,1987,German,Insel Verlag,Frankfurt,Germany,frankfurt_germany,Fiction (Novel),y,413
gcinfante,Naki Ouji No Tameno Habaana,1983,Japanese,Shueisha,Tokyo,Japan,tokyo_japan,Fiction (Novel),y,589
gcinfante,Orbis Oscillantis,1992,French,Flammarion,Paris,France,paris_france,Fiction (Novel),y,240
gcinfante,La Nymphe Inconstante,2021,French,Arthaud,Paris,France,paris_france,Fiction (Novel),y,304
gcinfante,Three Trapped Tigers,1980,English,Pan Books,London,England,london_england,Fiction (Novel),y,487
gcinfante,Diablesas y Diosas: 14 Perversas para 14 Autores,1990,Spanish,Editorial Laertes,Barcelona,Spain,barcelona_spain,Nonfiction Book,y,191
lrsanchez,Macho Camacho's Beat,1982,English,Avon,"New York, NY",United States,new_york_ny_united_states,Fiction (Novel),y,211
lrsanchez,Macho Camacho's Beat,2001,English,Dalkey Archive Press,"Normal, IL",United States,normal_il_united¬†states,Fiction (Novel),y,211
memanley,I Am Dominica : Mwen Sé Donmnik,2013,English,Editorial Campana.,"New York, NY",United States,new_york_ny_united¬†states,Non Fiction,y,32
mcelieagnant,Le Livre D'Emma,2016,Spanish,Edicions Tres i Quatre,Valencia,Spain,valencia_spain,Fiction (Novel),y,107
mcelieagnant,Silence Like Blood,2020,English,"Massachusetts Review, Inc.","Amherst, MA",United States,amherst_ma_united¬†states,Fiction (Novella),y,52
mcelieagnant,A knife in the sky,2022,English,Inanna Poetry & Fiction,"Toronto, ON",Canada,toronto_on_canada,Fiction (Novella),y,224
mabad,Veri,2001,Finnish,Kääntöpiiri,Helsinki,Finland,helsinki_finland,Fiction (Novel),y,187
mmorris,The Faber Book of Contemporary Caribbean Short Stories,1990,English,Faber and Faber,London,England,london_england,Fiction (Short Story Collection),y,275
mthelwell,Jamaica-Kid,1984,German,MaroVerlag,Augsburg,Germany,,Fiction (Novel),y,394
mfabre,The Crimson Petal and the White,2003,English,Canongate Books,Edinburgh,England,edinburgh_england,Fiction,y,922
mfabre,The Book of Strange New Things,2014,English,Hogarth Press,London,England,london_ldn_england,Fiction,y,500
mfabre,Under the Skin,2004,English,Canongate Books Ltd,Edinburgh,England,edinburgh_england,Fiction,y,296
mfabre,D: A Tale of Two Worlds,2020,English,Hanover Square Press,"New York, NY",United States,new_york_ny_united¬†states,Fiction,y,304
mfabre,The Apple: New Crimson Petal Stories,2006,English,Canongate Books Ltd,Edinburgh,England,edinburgh_england,Fiction,y,199
mfabre,The Fire Gospel,2008,English,Canongate Books Ltd,Edinburgh,England,edinburgh_england,Fiction,y,208
mfabre,The Hundred and Ninety-Nine Steps,2002,English,Canongate Books Ltd,Edinburgh,England,edinburgh_england,Fiction,y,116
mfabre,The Fahrenheit Twins,2005,English,Canongate Books Ltd,Edinburgh,England,edinburgh_england,Fiction,y,276
mfabre,Some Rain Must Fall: And Other Stories,2001,English,Mariner Books,"Bostan, MA",United States,boston_ma_united¬†states,Fiction,y,276
mfabre,The Courage Consort: Three Novellas,2005,English,Harvest Books,"Columbus County, Ohio",United States,columbus_oh_united¬†states,Fiction,y,232
mfabre,Undying: A Love Story,2016,English,Canongate Books Ltd,Edinburgh,England,edinburgh_england,Fiction,y,122
mfabre,Vanilla Bright like Eminem,2007,English,Houghton Mifflin Harcourt,"Bostan, MA",United States,boston_ma_united¬†states,Fiction,y,246
mfabre,A voce nuda,2005,Italian,Einaudi,Turin,Italy,,Fiction,y,115
mfabre,La Rose Pourpre Et Le Lys Tome 2,2006,French,Le Seuil,Paris,France,paris_fr_france,Fiction,y,605
mfabre,De 199 trin,2021,Danish,Gyldendal,Copenhagen,Denmark,copenhagen_denmark,NA,y,NA
mcollazo,El viaje,2020,Spanish,Restless Books,"Brooklyn, NY",United States,brooklyn_ny_united¬†states,Fiction (Novel),y,224
mbethel,"Guanahani, mi amor y otros poemas.",1995,Spanish,Casa de las Americas,Havana,Cuba,havana_cuba,Poetry Collection,y,87
mheurtelou,Reversals,1998,English,Educa Vision,"Coconut Creek, FL",United States,coconut_creek_fl_united¬†states,Fiction (Novel),y,218
mheurtelou,The Bonplezi Family: The Adventures Of A Haitian Family In North America,1998,English,Educa Vision,"Coconut Creek, FL",United States,coconut_creek_fl_united¬†states,Fiction (Novel),y,241
maasturias,The Green Pope,1971,English,Delacorte Press,"New York, NY",United States,new_york_ny_united¬†states,Fiction (Novel),y,386
maasturias,Mr. President,2022,English,Penguin Books,"New York, NY",United States,new_york_ny_united¬†states,Fiction (Novel),y,437
mpfernandez,Altre Preghiere Esaudite,2004,Italian,Marco Tropea,Tropea,Italy,tr,Fiction (novel),y,185
mpfernandez,A Corner of the World,2014,English,City Lights Publishers,"San Francisco, CA",United States,san_francisco_ca_united¬†states,Fiction (novel),y,141
mpfernandez,L'Angolo del Mondo,2017,Italian,Marcos y Marcos,Milan,Italy,milan_italy,Fiction (novel),y,224
mwvieyra,Le Quimboiseur l'avait dit ...,1980,French,Presence africaine,Paris,France,paris_france,Fiction,y,138
oenogo,"Les filières Africaines de la prostitution "" Mémoires d'une enquête "" (French Edition)",2007,French,CCINIA,Paris,France,paris_france,NA,y,150
cjones,"Et d'un seul bras, la soeur balaie sa maison",2021,French,Calmann-Lévy,Paris,France,paris_france,Fiction (Novel),y,363